{
    "ROM": {
        "c251fbc351dfe5a87eb1fcbfe2d59fa9b": {},
        "c8f100dfad51284eb0aacb03408dfb1f1": {
            "u31d9893b64532ff12cab0a6f19583bf7": "u31d9893b64532ff12cab0a6f19583bf7"
        }
    },
    "readMember": {
        "c251fbc351dfe5a87eb1fcbfe2d59fa9b": "",
        "c8f100dfad51284eb0aacb03408dfb1f1": "u31d9893b64532ff12cab0a6f19583bf7"
    },
    "readPoint": {
        "c251fbc351dfe5a87eb1fcbfe2d59fa9b": "8668800239402",
        "c8f100dfad51284eb0aacb03408dfb1f1": "8668798326269"
    },
    "readTime": {
        "c251fbc351dfe5a87eb1fcbfe2d59fa9b": "17:53:42",
        "c8f100dfad51284eb0aacb03408dfb1f1": "17:53:18"
    },
    "setTime": {}
}